{"version": "1", "message": "ERROR: Hidden Testcases server unreachable.", "problem_id": "ads1_m6_a1", "user_id": "saitejasedate", "score": {"sample": {"0": {"execution_time": 0.8090875148773193, "passed": true}, "1": {"execution_time": 0.6365082263946533, "passed": false}, "2": {"execution_time": 0.5780611038208008, "passed": false}, "3": {"execution_time": 1.250035285949707, "passed": true}, "4": {"execution_time": 0.7982382774353027, "passed": false}, "5": {"execution_time": 0.5207607746124268, "passed": false}, "6": {"execution_time": 1.2210981845855713, "passed": false}, "7": {"execution_time": 0.41603589057922363, "passed": false}, "8": {"execution_time": 0.5761561393737793, "passed": false}, "9": {"execution_time": 0.5699951648712158, "passed": false}, "10": {"execution_time": 0.5871479511260986, "passed": false}, "11": {"execution_time": 0.626183271408081, "passed": false}}}, "check_style_score": "0/1"}