{"version": "1", "message": "ERROR: Hidden Testcases server unreachable.", "problem_id": "ads1_m6_a1", "user_id": "saitejasedate", "score": {"sample": {"0": {"execution_time": 0.468731164932251, "passed": false}, "1": {"execution_time": 0.598656177520752, "passed": false}, "2": {"execution_time": 0.4797248840332031, "passed": false}, "3": {"execution_time": 0.4837217330932617, "passed": false}, "4": {"execution_time": 0.5976555347442627, "passed": false}, "5": {"execution_time": 0.5546820163726807, "passed": false}, "6": {"execution_time": 0.6476292610168457, "passed": false}, "7": {"execution_time": 0.5636768341064453, "passed": false}, "8": {"execution_time": 0.4874699115753174, "passed": false}, "9": {"execution_time": 0.4458129405975342, "passed": false}, "10": {"execution_time": 0.504786491394043, "passed": false}, "11": {"execution_time": 0.5506851673126221, "passed": false}}}, "check_style_score": "0/1"}