{"version": "1", "message": "ERROR: Hidden Testcases server unreachable.", "problem_id": "ads1_m6_a1", "user_id": "saitejasedate", "score": {"sample": {"0": {"execution_time": 0.5836634635925293, "passed": true}, "1": {"execution_time": 0.7391643524169922, "passed": true}, "2": {"execution_time": 1.2020764350891113, "passed": true}, "3": {"execution_time": 2.370779037475586, "passed": true}, "4": {"execution_time": 1.0598499774932861, "passed": true}, "5": {"execution_time": 0.8455162048339844, "passed": true}, "6": {"execution_time": 1.035407304763794, "passed": true}, "7": {"execution_time": 0.5856854915618896, "passed": true}, "8": {"execution_time": 0.46644067764282227, "passed": false}, "9": {"execution_time": 0.3918178081512451, "passed": false}, "10": {"execution_time": 0.44079041481018066, "passed": false}, "11": {"execution_time": 0.4348132610321045, "passed": false}}}, "check_style_score": "0/1"}