{"version": "1", "message": "ERROR: Hidden Testcases server unreachable.", "problem_id": "ads1_m6_a1", "user_id": "saitejasedate", "score": {"sample": {"0": {"execution_time": 0.738234281539917, "passed": true}, "1": {"execution_time": 0.5437254905700684, "passed": true}, "2": {"execution_time": 0.4918653964996338, "passed": true}, "3": {"execution_time": 0.5233602523803711, "passed": true}, "4": {"execution_time": 0.5810332298278809, "passed": true}, "5": {"execution_time": 0.4861319065093994, "passed": true}, "6": {"execution_time": 0.37682533264160156, "passed": false}, "7": {"execution_time": 0.6387748718261719, "passed": false}, "8": {"execution_time": 0.5093863010406494, "passed": false}, "9": {"execution_time": 0.5272448062896729, "passed": false}, "10": {"execution_time": 0.6215009689331055, "passed": false}, "11": {"execution_time": 0.47124528884887695, "passed": false}}}, "check_style_score": "0/1"}