{"version": "1", "message": "ERROR: Hidden Testcases server unreachable.", "problem_id": "ads1_m6_a1", "user_id": "saitejasedate", "score": {"sample": {"0": {"execution_time": 0.3837778568267822, "passed": true}, "1": {"execution_time": 0.3927748203277588, "passed": true}, "2": {"execution_time": 0.3967766761779785, "passed": true}, "3": {"execution_time": 0.48880791664123535, "passed": true}, "4": {"execution_time": 0.4007701873779297, "passed": true}, "5": {"execution_time": 0.48272132873535156, "passed": true}, "6": {"execution_time": 0.39275574684143066, "passed": false}, "7": {"execution_time": 0.37788820266723633, "passed": false}, "8": {"execution_time": 0.4747278690338135, "passed": false}, "9": {"execution_time": 0.3877694606781006, "passed": false}, "10": {"execution_time": 0.404771089553833, "passed": false}, "11": {"execution_time": 0.4007701873779297, "passed": false}}}, "check_style_score": "0/1"}