{"version": "1", "message": "ERROR: Hidden Testcases server unreachable.", "problem_id": "ads1_m6_a1", "user_id": "saitejasedate", "score": {"sample": {"0": {"execution_time": 0.5630631446838379, "passed": false}, "1": {"execution_time": 0.6689028739929199, "passed": false}, "2": {"execution_time": 1.1234662532806396, "passed": false}, "3": {"execution_time": 0.7474853992462158, "passed": false}, "4": {"execution_time": 0.7546777725219727, "passed": false}, "5": {"execution_time": 1.9248287677764893, "passed": false}, "6": {"execution_time": 0.6746821403503418, "passed": false}, "7": {"execution_time": 0.40376877784729004, "passed": false}, "8": {"execution_time": 0.42271924018859863, "passed": false}, "9": {"execution_time": 0.5585832595825195, "passed": false}, "10": {"execution_time": 0.5488004684448242, "passed": false}, "11": {"execution_time": 0.43048095703125, "passed": false}}}, "check_style_score": "0/1"}