{"version": "1", "message": "ERROR: Hidden Testcases server unreachable.", "problem_id": "ads1_m6_a1", "user_id": "saitejasedate", "score": {"sample": {"0": {"execution_time": 0.4578855037689209, "passed": false}, "1": {"execution_time": 0.5883884429931641, "passed": false}, "2": {"execution_time": 0.3767831325531006, "passed": false}, "3": {"execution_time": 1.2366688251495361, "passed": false}, "4": {"execution_time": 0.4300968647003174, "passed": false}, "5": {"execution_time": 0.37907862663269043, "passed": false}, "6": {"execution_time": 0.3847935199737549, "passed": false}, "7": {"execution_time": 0.37366247177124023, "passed": false}, "8": {"execution_time": 0.42223310470581055, "passed": false}, "9": {"execution_time": 0.4035806655883789, "passed": false}, "10": {"execution_time": 0.3764169216156006, "passed": false}, "11": {"execution_time": 0.3761417865753174, "passed": false}}}, "check_style_score": "0/1"}