{"version": "1", "message": "ERROR: Hidden Testcases server unreachable.", "problem_id": "ads1_m6_a1", "user_id": "saitejasedate", "score": {"sample": {"0": {"execution_time": 10.302177429199219, "passed": false}, "1": {"execution_time": 10.542278528213501, "passed": false}, "2": {"execution_time": 10.206906795501709, "passed": false}, "3": {"execution_time": 10.30237078666687, "passed": false}, "4": {"execution_time": 10.200927019119263, "passed": false}, "5": {"execution_time": 10.197208404541016, "passed": false}, "6": {"execution_time": 0.4639887809753418, "passed": false}, "7": {"execution_time": 0.3509831428527832, "passed": false}, "8": {"execution_time": 0.5782577991485596, "passed": false}, "9": {"execution_time": 0.5116455554962158, "passed": false}, "10": {"execution_time": 0.6705963611602783, "passed": false}, "11": {"execution_time": 0.4710378646850586, "passed": false}}}, "check_style_score": "0/1"}