{"version": "1", "message": "ERROR: Hidden Testcases server unreachable.", "problem_id": "ads1_m6_a1", "user_id": "saitejasedate", "score": {"sample": {"0": {"execution_time": 0.5037121772766113, "passed": true}, "1": {"execution_time": 0.5576801300048828, "passed": true}, "2": {"execution_time": 0.5756692886352539, "passed": true}, "3": {"execution_time": 0.5526800155639648, "passed": true}, "4": {"execution_time": 0.7915482521057129, "passed": true}, "5": {"execution_time": 1.324242115020752, "passed": true}, "6": {"execution_time": 1.2672710418701172, "passed": true}, "7": {"execution_time": 0.8245279788970947, "passed": true}, "8": {"execution_time": 0.7875480651855469, "passed": false}, "9": {"execution_time": 0.655623197555542, "passed": false}, "10": {"execution_time": 0.7075958251953125, "passed": false}, "11": {"execution_time": 0.8445148468017578, "passed": false}}}, "check_style_score": "0/1"}