{"version": "1", "message": "ERROR: Hidden Testcases server unreachable.", "problem_id": "ads1_m6_a1", "user_id": "saitejasedate", "score": {"sample": {"0": {"execution_time": 0.4200930595397949, "passed": false}, "1": {"execution_time": 0.40789127349853516, "passed": false}, "2": {"execution_time": 1.5293290615081787, "passed": false}, "3": {"execution_time": 0.6798806190490723, "passed": false}, "4": {"execution_time": 0.39723706245422363, "passed": false}, "5": {"execution_time": 0.42041540145874023, "passed": false}, "6": {"execution_time": 0.49890828132629395, "passed": false}, "7": {"execution_time": 0.4648873805999756, "passed": false}, "8": {"execution_time": 0.46982836723327637, "passed": false}, "9": {"execution_time": 0.5667364597320557, "passed": false}, "10": {"execution_time": 0.5177712440490723, "passed": false}, "11": {"execution_time": 0.4931790828704834, "passed": false}}}, "check_style_score": "0/1"}