{"version": "1", "message": "ERROR: Hidden Testcases server unreachable.", "problem_id": "ads1_m6_a1", "user_id": "saitejasedate", "score": {"sample": {"0": {"execution_time": 10.216127634048462, "passed": false}, "1": {"execution_time": 10.23140811920166, "passed": false}, "2": {"execution_time": 10.211689472198486, "passed": false}, "3": {"execution_time": 10.198784828186035, "passed": false}, "4": {"execution_time": 10.368637561798096, "passed": false}, "5": {"execution_time": 10.196155548095703, "passed": false}, "6": {"execution_time": 0.5288982391357422, "passed": false}, "7": {"execution_time": 0.587824821472168, "passed": false}, "8": {"execution_time": 0.5277178287506104, "passed": false}, "9": {"execution_time": 0.6856768131256104, "passed": false}, "10": {"execution_time": 0.5090346336364746, "passed": false}, "11": {"execution_time": 0.5643527507781982, "passed": false}}}, "check_style_score": "0/1"}