{"version": "1", "message": "ERROR: Hidden Testcases server unreachable.", "problem_id": "ads1_m6_a1", "user_id": "saitejasedate", "score": {"sample": {"0": {"execution_time": 0.5546822547912598, "passed": true}, "1": {"execution_time": 0.5276968479156494, "passed": true}, "2": {"execution_time": 1.0553944110870361, "passed": true}, "3": {"execution_time": 1.078108310699463, "passed": true}, "4": {"execution_time": 1.578005313873291, "passed": true}, "5": {"execution_time": 0.4237940311431885, "passed": true}, "6": {"execution_time": 0.48140525817871094, "passed": false}, "7": {"execution_time": 0.4096384048461914, "passed": false}, "8": {"execution_time": 0.4792957305908203, "passed": false}, "9": {"execution_time": 0.3748152256011963, "passed": false}, "10": {"execution_time": 0.47760796546936035, "passed": false}, "11": {"execution_time": 0.3858163356781006, "passed": false}}}, "check_style_score": "0/1"}