{"version": "1", "message": "ERROR: Hidden Testcases server unreachable.", "problem_id": "ads1_m6_a1", "user_id": "saitejasedate", "score": {"sample": {"0": {"execution_time": 0.40852928161621094, "passed": false}, "1": {"execution_time": 0.4175910949707031, "passed": false}, "2": {"execution_time": 0.6000487804412842, "passed": false}, "3": {"execution_time": 0.5006260871887207, "passed": false}, "4": {"execution_time": 0.5007576942443848, "passed": false}, "5": {"execution_time": 0.4845116138458252, "passed": false}, "6": {"execution_time": 0.6797206401824951, "passed": false}, "7": {"execution_time": 0.4859931468963623, "passed": false}, "8": {"execution_time": 0.6756927967071533, "passed": false}, "9": {"execution_time": 0.6581103801727295, "passed": false}, "10": {"execution_time": 0.7573034763336182, "passed": false}, "11": {"execution_time": 0.6815078258514404, "passed": false}}}, "check_style_score": "0/1"}