{"version": "1", "message": "ERROR: Hidden Testcases server unreachable.", "problem_id": "ads1_m6_a1", "user_id": "saitejasedate", "score": {"sample": {"0": {"execution_time": 10.226751565933228, "passed": false}, "1": {"execution_time": 10.312588691711426, "passed": false}, "2": {"execution_time": 10.306108474731445, "passed": false}, "3": {"execution_time": 10.203821897506714, "passed": false}, "4": {"execution_time": 10.292879819869995, "passed": false}, "5": {"execution_time": 10.265389680862427, "passed": false}, "6": {"execution_time": 0.514061450958252, "passed": false}, "7": {"execution_time": 0.5541648864746094, "passed": false}, "8": {"execution_time": 0.42949366569519043, "passed": false}, "9": {"execution_time": 0.6568143367767334, "passed": false}, "10": {"execution_time": 0.6396701335906982, "passed": false}, "11": {"execution_time": 0.5366740226745605, "passed": false}}}, "check_style_score": "0/1"}