{"version": "1", "message": "ERROR: Hidden Testcases server unreachable.", "problem_id": "ads1_m6_a1", "user_id": "saitejasedate", "score": {"sample": {"0": {"execution_time": 0.42081260681152344, "passed": false}, "1": {"execution_time": 0.4984591007232666, "passed": false}, "2": {"execution_time": 0.4520432949066162, "passed": false}, "3": {"execution_time": 0.4241943359375, "passed": false}, "4": {"execution_time": 0.7975075244903564, "passed": false}, "5": {"execution_time": 0.43605709075927734, "passed": false}, "6": {"execution_time": 0.39885854721069336, "passed": false}, "7": {"execution_time": 0.4727294445037842, "passed": false}, "8": {"execution_time": 0.4657108783721924, "passed": false}, "9": {"execution_time": 0.4258260726928711, "passed": false}, "10": {"execution_time": 0.5326929092407227, "passed": false}, "11": {"execution_time": 0.4426686763763428, "passed": false}}}, "check_style_score": "0/1"}