{"version": "1", "message": "ERROR: Hidden Testcases server unreachable.", "problem_id": "ads1_m6_a1", "user_id": "saitejasedate", "score": {"sample": {"0": {"execution_time": 0.45401811599731445, "passed": false}, "1": {"execution_time": 1.6116697788238525, "passed": false}, "2": {"execution_time": 0.5132696628570557, "passed": false}, "3": {"execution_time": 1.509573221206665, "passed": false}, "4": {"execution_time": 0.5109477043151855, "passed": false}, "5": {"execution_time": 1.7482523918151855, "passed": false}, "6": {"execution_time": 0.7999734878540039, "passed": false}, "7": {"execution_time": 0.554931640625, "passed": false}, "8": {"execution_time": 0.5004534721374512, "passed": false}, "9": {"execution_time": 0.5450310707092285, "passed": false}, "10": {"execution_time": 0.5996561050415039, "passed": false}, "11": {"execution_time": 0.6796107292175293, "passed": false}}}, "check_style_score": "0/1"}