{"version": "1", "message": "ERROR: Hidden Testcases server unreachable.", "problem_id": "ads1_m6_a1", "user_id": "saitejasedate", "score": {"sample": {"0": {"execution_time": 0.6174464225769043, "passed": false}, "1": {"execution_time": 0.598881721496582, "passed": false}, "2": {"execution_time": 1.7947535514831543, "passed": false}, "3": {"execution_time": 0.6721813678741455, "passed": false}, "4": {"execution_time": 0.54203200340271, "passed": false}, "5": {"execution_time": 0.6216270923614502, "passed": false}, "6": {"execution_time": 0.4780550003051758, "passed": false}, "7": {"execution_time": 0.7911882400512695, "passed": false}, "8": {"execution_time": 0.5535759925842285, "passed": false}, "9": {"execution_time": 0.5267553329467773, "passed": false}, "10": {"execution_time": 0.6557166576385498, "passed": false}, "11": {"execution_time": 0.6959278583526611, "passed": false}}}, "check_style_score": "0/1"}