{"version": "1", "message": "ERROR: Hidden Testcases server unreachable.", "problem_id": "ads1_m6_a1", "user_id": "saitejasedate", "score": {"sample": {"0": {"execution_time": 1.5945820808410645, "passed": true}, "1": {"execution_time": 0.5060627460479736, "passed": true}, "2": {"execution_time": 0.6887843608856201, "passed": true}, "3": {"execution_time": 0.4367852210998535, "passed": true}, "4": {"execution_time": 0.7134559154510498, "passed": true}, "5": {"execution_time": 1.3649044036865234, "passed": true}, "6": {"execution_time": 0.534034252166748, "passed": false}, "7": {"execution_time": 0.5429856777191162, "passed": false}, "8": {"execution_time": 0.6886749267578125, "passed": false}, "9": {"execution_time": 0.5163230895996094, "passed": false}, "10": {"execution_time": 0.6132972240447998, "passed": false}, "11": {"execution_time": 0.6216578483581543, "passed": false}}}, "check_style_score": "0/1"}