{"version": "1", "message": "ERROR: Hidden Testcases server unreachable.", "problem_id": "ads1_m6_a1", "user_id": "saitejasedate", "score": {"sample": {"0": {"execution_time": 10.23821496963501, "passed": false}, "1": {"execution_time": 10.220144033432007, "passed": false}, "2": {"execution_time": 10.18316102027893, "passed": false}, "3": {"execution_time": 10.379138469696045, "passed": false}, "4": {"execution_time": 10.238812446594238, "passed": false}, "5": {"execution_time": 10.149349212646484, "passed": false}, "6": {"execution_time": 0.6188945770263672, "passed": false}, "7": {"execution_time": 0.6503992080688477, "passed": false}, "8": {"execution_time": 0.5769317150115967, "passed": false}, "9": {"execution_time": 0.47472596168518066, "passed": false}, "10": {"execution_time": 0.36394309997558594, "passed": false}, "11": {"execution_time": 0.6011762619018555, "passed": false}}}, "check_style_score": "0/1"}