{"version": "1", "message": "ERROR: Hidden Testcases server unreachable.", "problem_id": "ads1_m6_a1", "user_id": "saitejasedate", "score": {"sample": {"0": {"execution_time": 0.672614336013794, "passed": true}, "1": {"execution_time": 0.6656198501586914, "passed": true}, "2": {"execution_time": 0.7835497856140137, "passed": true}, "3": {"execution_time": 0.5896620750427246, "passed": true}, "4": {"execution_time": 0.6126525402069092, "passed": true}, "5": {"execution_time": 0.8015410900115967, "passed": true}, "6": {"execution_time": 0.7145910263061523, "passed": true}, "7": {"execution_time": 0.7175757884979248, "passed": true}, "8": {"execution_time": 0.5896637439727783, "passed": false}, "9": {"execution_time": 0.5846641063690186, "passed": false}, "10": {"execution_time": 0.6286389827728271, "passed": false}, "11": {"execution_time": 0.6926047801971436, "passed": false}}}, "check_style_score": "0/1"}