{"version": "1", "message": "ERROR: Hidden Testcases server unreachable.", "problem_id": "ads1_m6_a1", "user_id": "saitejasedate", "score": {"sample": {"0": {"execution_time": 1.111706256866455, "passed": true}, "1": {"execution_time": 1.1541674137115479, "passed": true}, "2": {"execution_time": 0.9416220188140869, "passed": true}, "3": {"execution_time": 0.8705012798309326, "passed": true}, "4": {"execution_time": 1.1573357582092285, "passed": true}, "5": {"execution_time": 4.597323179244995, "passed": true}, "6": {"execution_time": 1.2846624851226807, "passed": false}, "7": {"execution_time": 1.0394463539123535, "passed": false}, "8": {"execution_time": 1.4197850227355957, "passed": false}, "9": {"execution_time": 0.7445738315582275, "passed": true}, "10": {"execution_time": 0.6949574947357178, "passed": false}, "11": {"execution_time": 0.6916735172271729, "passed": false}}}, "check_style_score": "0/1"}