{"version": "1", "message": "ERROR: Hidden Testcases server unreachable.", "problem_id": "ads1_m6_a1", "user_id": "saitejasedate", "score": {"sample": {"0": {"execution_time": 0.555678129196167, "passed": true}, "1": {"execution_time": 0.4067699909210205, "passed": true}, "2": {"execution_time": 0.7618322372436523, "passed": true}, "3": {"execution_time": 0.4007844924926758, "passed": true}, "4": {"execution_time": 0.4123384952545166, "passed": true}, "5": {"execution_time": 0.4387507438659668, "passed": true}, "6": {"execution_time": 10.187156677246094, "passed": false}, "7": {"execution_time": 10.179147243499756, "passed": false}, "8": {"execution_time": 10.198179244995117, "passed": false}, "9": {"execution_time": 10.280106544494629, "passed": false}, "10": {"execution_time": 10.250124216079712, "passed": false}, "11": {"execution_time": 10.302094221115112, "passed": false}}}, "check_style_score": "0/1"}