{"version": "1", "message": "ERROR: Hidden Testcases server unreachable.", "problem_id": "ads1_m6_a1", "user_id": "saitejasedate", "score": {"sample": {"0": {"execution_time": 1.0313889980316162, "passed": true}, "1": {"execution_time": 1.4497206211090088, "passed": true}, "2": {"execution_time": 0.492717981338501, "passed": true}, "3": {"execution_time": 0.8525106906890869, "passed": true}, "4": {"execution_time": 0.5067102909088135, "passed": true}, "5": {"execution_time": 0.5626766681671143, "passed": true}, "6": {"execution_time": 0.40999746322631836, "passed": false}, "7": {"execution_time": 0.41448330879211426, "passed": false}, "8": {"execution_time": 0.3947749137878418, "passed": false}, "9": {"execution_time": 0.4977149963378906, "passed": false}, "10": {"execution_time": 0.4381992816925049, "passed": false}, "11": {"execution_time": 0.4363827705383301, "passed": false}}}, "check_style_score": "0/1"}