{"version": "1", "message": "ERROR: Hidden Testcases server unreachable.", "problem_id": "ads1_m6_a1", "user_id": "saitejasedate", "score": {"sample": {"0": {"execution_time": 0.41376566886901855, "passed": false}, "1": {"execution_time": 0.33826375007629395, "passed": false}, "2": {"execution_time": 0.42124366760253906, "passed": false}, "3": {"execution_time": 0.35488295555114746, "passed": false}, "4": {"execution_time": 0.7970199584960938, "passed": false}, "5": {"execution_time": 0.3791990280151367, "passed": false}, "6": {"execution_time": 0.4979531764984131, "passed": false}, "7": {"execution_time": 0.5373399257659912, "passed": false}, "8": {"execution_time": 0.6476514339447021, "passed": false}, "9": {"execution_time": 0.6234161853790283, "passed": false}, "10": {"execution_time": 0.4787473678588867, "passed": false}, "11": {"execution_time": 0.951453447341919, "passed": false}}}, "check_style_score": "0/1"}