{"version": "1", "message": "ERROR: Hidden Testcases server unreachable.", "problem_id": "ads1_m6_a1", "user_id": "saitejasedate", "score": {"sample": {"0": {"execution_time": 10.511166095733643, "passed": false}, "1": {"execution_time": 10.477928400039673, "passed": false}, "2": {"execution_time": 10.223491907119751, "passed": false}, "3": {"execution_time": 10.268522500991821, "passed": false}, "4": {"execution_time": 10.378328800201416, "passed": false}, "5": {"execution_time": 10.291666269302368, "passed": false}, "6": {"execution_time": 0.6869082450866699, "passed": false}, "7": {"execution_time": 0.5377306938171387, "passed": false}, "8": {"execution_time": 0.47173190116882324, "passed": false}, "9": {"execution_time": 0.5659205913543701, "passed": false}, "10": {"execution_time": 0.7411739826202393, "passed": false}, "11": {"execution_time": 0.7702341079711914, "passed": false}}}, "check_style_score": "0/1"}