{"version": "1", "message": "ERROR: Hidden Testcases server unreachable.", "problem_id": "ads1_m6_a1", "user_id": "saitejasedate", "score": {"sample": {"0": {"execution_time": 0.9548869132995605, "passed": true}, "1": {"execution_time": 0.4909546375274658, "passed": true}, "2": {"execution_time": 0.46849799156188965, "passed": true}, "3": {"execution_time": 0.4767262935638428, "passed": true}, "4": {"execution_time": 0.4697611331939697, "passed": true}, "5": {"execution_time": 0.527674674987793, "passed": true}, "6": {"execution_time": 1.2813096046447754, "passed": false}, "7": {"execution_time": 0.8553893566131592, "passed": false}, "8": {"execution_time": 0.568939208984375, "passed": false}, "9": {"execution_time": 0.6328532695770264, "passed": false}, "10": {"execution_time": 0.5707557201385498, "passed": false}, "11": {"execution_time": 0.8851385116577148, "passed": false}}}, "check_style_score": "0/1"}