{"version": "1", "message": "ERROR: Hidden Testcases server unreachable.", "problem_id": "ads1_m6_a1", "user_id": "saitejasedate", "score": {"sample": {"0": {"execution_time": 10.26177430152893, "passed": false}, "1": {"execution_time": 10.18518877029419, "passed": false}, "2": {"execution_time": 10.242364645004272, "passed": false}, "3": {"execution_time": 10.31365442276001, "passed": false}, "4": {"execution_time": 10.588038206100464, "passed": false}, "5": {"execution_time": 10.312479734420776, "passed": false}, "6": {"execution_time": 0.48581695556640625, "passed": false}, "7": {"execution_time": 0.5766212940216064, "passed": false}, "8": {"execution_time": 0.5482664108276367, "passed": false}, "9": {"execution_time": 0.5726697444915771, "passed": false}, "10": {"execution_time": 0.4343738555908203, "passed": false}, "11": {"execution_time": 0.542236328125, "passed": false}}}, "check_style_score": "0/1"}