{"version": "1", "message": "ERROR: Hidden Testcases server unreachable.", "problem_id": "ads1_m6_a1", "user_id": "saitejasedate", "score": {"sample": {"0": {"execution_time": 0.5586793422698975, "passed": true}, "1": {"execution_time": 0.546684741973877, "passed": true}, "2": {"execution_time": 0.5666768550872803, "passed": true}, "3": {"execution_time": 0.6786112785339355, "passed": true}, "4": {"execution_time": 0.591660737991333, "passed": true}, "5": {"execution_time": 0.5566813945770264, "passed": true}, "6": {"execution_time": 0.5486831665039062, "passed": true}, "7": {"execution_time": 0.44713473320007324, "passed": true}, "8": {"execution_time": 0.6100068092346191, "passed": false}, "9": {"execution_time": 0.453228235244751, "passed": false}, "10": {"execution_time": 0.4941599369049072, "passed": false}, "11": {"execution_time": 0.4803469181060791, "passed": false}}}, "check_style_score": "0/1"}