{"version": "1", "message": "ERROR: Hidden Testcases server unreachable.", "problem_id": "ads1_m6_a1", "user_id": "saitejasedate", "score": {"sample": {"0": {"execution_time": 0.39080309867858887, "passed": true}, "1": {"execution_time": 0.3968226909637451, "passed": true}, "2": {"execution_time": 0.41776251792907715, "passed": true}, "3": {"execution_time": 0.40079283714294434, "passed": true}, "4": {"execution_time": 0.4027721881866455, "passed": true}, "5": {"execution_time": 0.4047670364379883, "passed": true}, "6": {"execution_time": 0.3877594470977783, "passed": true}, "7": {"execution_time": 0.42514753341674805, "passed": true}, "8": {"execution_time": 0.41176295280456543, "passed": false}, "9": {"execution_time": 0.3728046417236328, "passed": false}, "10": {"execution_time": 0.43575406074523926, "passed": false}, "11": {"execution_time": 0.4487631320953369, "passed": false}}}, "check_style_score": "0/1"}