{"version": "1", "message": "ERROR: Hidden Testcases server unreachable.", "problem_id": "ads1_m6_a1", "user_id": "saitejasedate", "score": {"sample": {"0": {"execution_time": 0.469254732131958, "passed": false}, "1": {"execution_time": 1.5006599426269531, "passed": false}, "2": {"execution_time": 0.5614886283874512, "passed": false}, "3": {"execution_time": 0.4729750156402588, "passed": false}, "4": {"execution_time": 0.49918198585510254, "passed": false}, "5": {"execution_time": 0.48443055152893066, "passed": false}, "6": {"execution_time": 0.4697754383087158, "passed": false}, "7": {"execution_time": 0.4317626953125, "passed": false}, "8": {"execution_time": 0.48074960708618164, "passed": false}, "9": {"execution_time": 0.49312853813171387, "passed": false}, "10": {"execution_time": 0.42127561569213867, "passed": false}, "11": {"execution_time": 0.4638988971710205, "passed": false}}}, "check_style_score": "0/1"}