{"version": "1", "message": "ERROR: Hidden Testcases server unreachable.", "problem_id": "ads1_m6_a1", "user_id": "saitejasedate", "score": {"sample": {"0": {"execution_time": 0.8426728248596191, "passed": true}, "1": {"execution_time": 0.6656885147094727, "passed": true}, "2": {"execution_time": 0.638634204864502, "passed": true}, "3": {"execution_time": 0.4223642349243164, "passed": true}, "4": {"execution_time": 0.6083292961120605, "passed": true}, "5": {"execution_time": 0.6809535026550293, "passed": true}, "6": {"execution_time": 0.37388086318969727, "passed": false}, "7": {"execution_time": 0.5087234973907471, "passed": false}, "8": {"execution_time": 0.4138150215148926, "passed": false}, "9": {"execution_time": 0.3992490768432617, "passed": false}, "10": {"execution_time": 0.5526502132415771, "passed": false}, "11": {"execution_time": 1.548708438873291, "passed": false}}}, "check_style_score": "0/1"}