{"version": "1", "message": "ERROR: Hidden Testcases server unreachable.", "problem_id": "ads1_m6_a1", "user_id": "saitejasedate", "score": {"sample": {"0": {"execution_time": 0.5566856861114502, "passed": true}, "1": {"execution_time": 0.5488152503967285, "passed": true}, "2": {"execution_time": 0.473768949508667, "passed": true}, "3": {"execution_time": 0.5937504768371582, "passed": true}, "4": {"execution_time": 0.5789439678192139, "passed": true}, "5": {"execution_time": 1.1667373180389404, "passed": true}, "6": {"execution_time": 0.8168516159057617, "passed": false}, "7": {"execution_time": 1.1799304485321045, "passed": false}, "8": {"execution_time": 0.5152597427368164, "passed": false}, "9": {"execution_time": 0.5085768699645996, "passed": false}, "10": {"execution_time": 0.5354669094085693, "passed": false}, "11": {"execution_time": 0.46586036682128906, "passed": false}}}, "check_style_score": "0/1"}