{"version": "1", "message": "ERROR: Hidden Testcases server unreachable.", "problem_id": "ads1_m6_a1", "user_id": "saitejasedate", "score": {"sample": {"0": {"execution_time": 0.40212559700012207, "passed": true}, "1": {"execution_time": 0.5409924983978271, "passed": true}, "2": {"execution_time": 0.43009209632873535, "passed": true}, "3": {"execution_time": 0.4090125560760498, "passed": true}, "4": {"execution_time": 0.4909334182739258, "passed": true}, "5": {"execution_time": 0.5346908569335938, "passed": true}, "6": {"execution_time": 0.49901342391967773, "passed": true}, "7": {"execution_time": 0.48291468620300293, "passed": true}, "8": {"execution_time": 0.4389960765838623, "passed": false}, "9": {"execution_time": 0.42256951332092285, "passed": false}, "10": {"execution_time": 0.4461324214935303, "passed": false}, "11": {"execution_time": 0.44812440872192383, "passed": false}}}, "check_style_score": "0/1"}