{"version": "1", "message": "ERROR: Hidden Testcases server unreachable.", "problem_id": "ads1_m6_a1", "user_id": "saitejasedate", "score": {"sample": {"0": {"execution_time": 0.36978673934936523, "passed": true}, "1": {"execution_time": 0.3997676372528076, "passed": true}, "2": {"execution_time": 0.47472453117370605, "passed": true}, "3": {"execution_time": 0.3951754570007324, "passed": true}, "4": {"execution_time": 0.4067809581756592, "passed": true}, "5": {"execution_time": 0.517702579498291, "passed": true}, "6": {"execution_time": 0.37983155250549316, "passed": false}, "7": {"execution_time": 0.44730377197265625, "passed": false}, "8": {"execution_time": 0.38476061820983887, "passed": false}, "9": {"execution_time": 0.383073091506958, "passed": false}, "10": {"execution_time": 0.4308967590332031, "passed": false}, "11": {"execution_time": 0.5706760883331299, "passed": false}}}, "check_style_score": "0/1"}