{"version": "1", "message": "ERROR: Hidden Testcases server unreachable.", "problem_id": "ads1_m6_a1", "user_id": "saitejasedate", "score": {"sample": {"0": {"execution_time": 0.5161142349243164, "passed": false}, "1": {"execution_time": 0.7077090740203857, "passed": false}, "2": {"execution_time": 0.5681595802307129, "passed": false}, "3": {"execution_time": 0.4931483268737793, "passed": false}, "4": {"execution_time": 0.719707727432251, "passed": false}, "5": {"execution_time": 1.1872234344482422, "passed": false}, "6": {"execution_time": 0.41106200218200684, "passed": false}, "7": {"execution_time": 1.509993314743042, "passed": false}, "8": {"execution_time": 0.3752315044403076, "passed": false}, "9": {"execution_time": 0.40729284286499023, "passed": false}, "10": {"execution_time": 0.37681031227111816, "passed": false}, "11": {"execution_time": 0.3892669677734375, "passed": false}}}, "check_style_score": "0/1"}