{"version": "1", "message": "ERROR: Hidden Testcases server unreachable.", "problem_id": "ads1_m6_a1", "user_id": "saitejasedate", "score": {"sample": {"0": {"execution_time": 0.6072416305541992, "passed": true}, "1": {"execution_time": 0.8317086696624756, "passed": true}, "2": {"execution_time": 0.6853804588317871, "passed": true}, "3": {"execution_time": 0.5545570850372314, "passed": true}, "4": {"execution_time": 0.730755090713501, "passed": true}, "5": {"execution_time": 0.6863782405853271, "passed": true}, "6": {"execution_time": 0.6146643161773682, "passed": false}, "7": {"execution_time": 0.6140367984771729, "passed": false}, "8": {"execution_time": 0.4800112247467041, "passed": false}, "9": {"execution_time": 0.5588369369506836, "passed": false}, "10": {"execution_time": 0.5344750881195068, "passed": false}, "11": {"execution_time": 0.6152310371398926, "passed": false}}}, "check_style_score": "0/1"}