{"version": "1", "message": "ERROR: Hidden Testcases server unreachable.", "problem_id": "ads1_m6_a1", "user_id": "saitejasedate", "score": {"sample": {"0": {"execution_time": 0.3867807388305664, "passed": true}, "1": {"execution_time": 0.5596785545349121, "passed": true}, "2": {"execution_time": 0.4278740882873535, "passed": true}, "3": {"execution_time": 0.39577412605285645, "passed": true}, "4": {"execution_time": 0.3748040199279785, "passed": true}, "5": {"execution_time": 0.41176486015319824, "passed": true}, "6": {"execution_time": 0.4011843204498291, "passed": false}, "7": {"execution_time": 0.39777350425720215, "passed": false}, "8": {"execution_time": 0.4067821502685547, "passed": false}, "9": {"execution_time": 0.38577842712402344, "passed": false}, "10": {"execution_time": 0.4167776107788086, "passed": false}, "11": {"execution_time": 0.4347507953643799, "passed": false}}}, "check_style_score": "0/1"}