{"version": "1", "message": "ERROR: Hidden Testcases server unreachable.", "problem_id": "ads1_m6_a1", "user_id": "saitejasedate", "score": {"sample": {"0": {"execution_time": 0.41975951194763184, "passed": true}, "1": {"execution_time": 0.39977312088012695, "passed": true}, "2": {"execution_time": 0.3927745819091797, "passed": true}, "3": {"execution_time": 0.5316562652587891, "passed": true}, "4": {"execution_time": 0.40277099609375, "passed": true}, "5": {"execution_time": 0.41374683380126953, "passed": true}, "6": {"execution_time": 0.3887794017791748, "passed": true}, "7": {"execution_time": 0.3887772560119629, "passed": true}, "8": {"execution_time": 10.205152034759521, "passed": false}, "9": {"execution_time": 10.194665670394897, "passed": false}, "10": {"execution_time": 10.275110721588135, "passed": false}, "11": {"execution_time": 10.193155765533447, "passed": false}}}, "check_style_score": "0/1"}